,fund_stra_id,pb,productId,unitId,organId,organName,productId,productName,productStatus,unitId,unitName,unitStatus,accountId,accountUser,accountName,accountType,accountStatus,accountConfStatus,accountOnlineStatus
0,1000,GS,20380001,203800010001,2038,上海今通投资管理有限公司,20380001,1000_gs,0,203800010001,1000_gs_connect单元,1,203800015,1000_GS#C,自研fix_connect_信用,2,1,4,
1,1000,GS,20380001,203800010002,2038,上海今通投资管理有限公司,20380001,1000_gs,0,203800010002,1000_gs_qfii单元,1,203800016,1000_GS#Q,自研fix_qfii_信用,2,1,4,
2,1001,GS,20380002,203800020001,2038,上海今通投资管理有限公司,20380002,1001_gs,0,203800020001,1001_gs_connect单元,1,203800017,1001_GS#C,自研fix_connect信用,2,1,4,
3,1001,GS,20380002,203800020002,2038,上海今通投资管理有限公司,20380002,1001_gs,0,203800020002,1001_gs_qfii单元,1,203800018,1001_GS#Q,自研fix_qfii_信用,2,1,4,
4,1004,GS,20380003,203800030001,2038,上海今通投资管理有限公司,20380003,1004_gs,0,203800030001,1004_gs_connect单元,1,203800019,1004_GS#C,自研fix_connect_信用,2,1,4,
5,1004,GS,20380003,203800030002,2038,上海今通投资管理有限公司,20380003,1004_gs,0,203800030002,1004_gs_qfii单元,1,203800020,1004_GS#Q,自研fix_qfii_信用,2,1,4,
6,1004,JPM,20380004,203800040001,2038,上海今通投资管理有限公司,20380004,1004_jpm,0,203800040001,1004_jpm_connect单元,1,203800021,1004_JPM#C,自研fix_connect_信用,2,1,4,
7,1004,JPM,20380004,203800040002,2038,上海今通投资管理有限公司,20380004,1004_jpm,0,203800040002,1004_jpm_qfii单元,1,203800022,1004_JPM#Q,自研fix_qfii_信用,2,1,4,
8,1004,MS,20380005,203800050001,2038,上海今通投资管理有限公司,20380005,1004_ms,0,203800050001,1004_ms_connect单元,1,203800023,1004_MS#C,自研fix_connect_信用,2,1,4,
9,1004,MS,20380005,203800050002,2038,上海今通投资管理有限公司,20380005,1004_ms,0,203800050002,1004_ms_qfii单元,1,203800024,1004_MS#Q,自研fix_qfii_信用,2,1,4,
10,11,CICC,20380006,203800060001,2038,上海今通投资管理有限公司,20380006,11_CICC,0,203800060001,11_CICC_connect单元,1,203800033,11_CICC#C,自研fix_connect_信用,2,1,4,
11,11,CICC,20380006,203800060002,2038,上海今通投资管理有限公司,20380006,11_CICC,0,203800060002,11_CICC_qfii单元,1,203800034,11_CICC#Q,自研fix_qfii_信用,2,1,4,
12,1003,GS,20380007,203800070001,2038,上海今通投资管理有限公司,20380007,1003_GS,0,203800070001,1003_GS_connect单元,1,203800027,1003_GS#C,自研fix_connect_信用,2,1,4,
13,1003,GS,20380007,203800070002,2038,上海今通投资管理有限公司,20380007,1003_GS,0,203800070002,1003_GS_qfii单元,1,203800028,1003_GS#Q,自研fix_qfii_信用,2,1,4,
14,1003,JPM,20380008,203800080001,2038,上海今通投资管理有限公司,20380008,1003_JPM,0,203800080001,1003_JPM_connect单元,1,203800029,1003_JPM#C,自研fix_connect_信用,2,1,4,
15,1003,JPM,20380008,203800080002,2038,上海今通投资管理有限公司,20380008,1003_JPM,0,203800080002,1003_JPM_qfii单元,1,203800030,1003_JPM#Q,自研fix_qfii_信用,2,1,4,
16,1003,MS,20380009,203800090001,2038,上海今通投资管理有限公司,20380009,1003_MS,0,203800090001,1003_MS_connect单元,1,203800031,1003_MS#C,自研fix_connect_信用,2,1,4,
17,1003,MS,20380009,203800090002,2038,上海今通投资管理有限公司,20380009,1003_MS,0,203800090002,1003_MS_qfii单元,1,203800032,1003_MS#Q,自研fix_qfii_信用,2,1,4,
18,1001,JPM,20380010,203800100001,2038,上海今通投资管理有限公司,20380010,1001_JPM,0,203800100001,1001_JPM_connect单元,1,203800035,1001_JPM#C,自研fix_connect_信用,2,1,4,
19,1001,JPM,20380010,203800100002,2038,上海今通投资管理有限公司,20380010,1001_JPM,0,203800100002,1001_JPM_qfii单元,1,203800036,1001_JPM#Q,自研fix_qfii_信用,2,1,4,
20,1001,MS,20380011,203800110001,2038,上海今通投资管理有限公司,20380011,1001_MS,0,203800110001,1001_MS_connect单元,1,203800037,1001_MS#C,自研fix_connect_信用,2,1,4,
21,1001,MS,20380011,203800110002,2038,上海今通投资管理有限公司,20380011,1001_MS,0,203800110002,1001_MS_qfii单元,1,203800038,1001_MS#Q,自研fix_qfii_信用,2,1,4,
22,51,HUAXI,20380012,203800120001,2038,上海今通投资管理有限公司,20380012,今虎添翼,0,203800120001,今虎添翼单元1,1,203800039,300000039725,华西QMT_普通,1,1,4,
23,-49,NESC,20380012,203800120002,2038,上海今通投资管理有限公司,20380012,今虎添翼,0,203800120002,今虎添翼单元2,1,203800064,93910488,东北ATX_普通,1,1,4,
24,39,CICCWM,20380012,203800120003,2038,上海今通投资管理有限公司,20380012,今虎添翼,0,203800120003,今虎添翼单元3,1,203800065,30821537,中金财富ATX_普通,1,1,4,
25,100,NESC,20380012,203800120004,2038,上海今通投资管理有限公司,20380012,今虎添翼,0,203800120004,今虎添翼单元4,1,203800087,28100932,东北ATX_普通,1,1,4,
26,100,今虎添翼,20380012,203800120005,2038,上海今通投资管理有限公司,20380012,今虎添翼,0,203800120005,今虎添翼单元5,1,203800088,829000899,长安期货_0899,3,1,4,
27,49,NESC,20380012,203800120006,2038,上海今通投资管理有限公司,20380012,今虎添翼,0,203800120006,今虎添翼单元6,1,203800089,28100932_lr,东北ATX_信用,2,1,4,
28,53,CICC,20380013,203800130001,2038,上海今通投资管理有限公司,20380013,53_CICC,0,203800130001,53_CICC_connect单元,1,203800040,53_CICC#C,自研fix_connect_信用,2,1,4,
29,53,CICC,20380013,203800130002,2038,上海今通投资管理有限公司,20380013,53_CICC,0,203800130002,53_CICC_qfii单元,1,203800041,53_CICC#Q,自研fix_qfii_信用,2,1,4,
30,1203,CICC,20380014,203800140001,2038,上海今通投资管理有限公司,20380014,1203_CICC,0,203800140001,1203_CICC_connect单元,1,203800042,1203_CICC#C,自研fix_connect_信用,2,1,4,
31,1203,CICC,20380014,203800140002,2038,上海今通投资管理有限公司,20380014,1203_CICC,0,203800140002,1203_CICC_qfii单元,1,203800043,1203_CICC#Q,自研fix_qfii_信用,2,1,4,
32,2103,MS,20380015,203800150001,2038,上海今通投资管理有限公司,20380015,2103_MS,0,203800150001,2103_MS_connect单元,1,203800044,2103_MS#C,自研fix_connetc_信用,2,1,4,
33,2103,MS,20380015,203800150002,2038,上海今通投资管理有限公司,20380015,2103_MS,0,203800150002,2103_MS_qfii单元,1,203800045,2103_MS#Q,自研fix_qfii_信用,2,1,4,
34,2104,MS,20380016,203800160001,2038,上海今通投资管理有限公司,20380016,2104_MS,0,203800160001,2104_MS_connect单元,1,203800046,2104_MS#C,自研fix_connect_信用,2,1,4,
35,2104,MS,20380016,203800160002,2038,上海今通投资管理有限公司,20380016,2104_MS,0,203800160002,2104_MS_qfii单元,1,203800047,2104_MS#Q,自研fix_qfii_信用,2,1,4,
36,1201,MS,20380017,203800170001,2038,上海今通投资管理有限公司,20380017,1201_MS,0,203800170001,1201_MS_connect单元,1,203800048,1201_MS#C,自研fix_connect_信用,2,1,4,
37,1201,MS,20380017,203800170002,2038,上海今通投资管理有限公司,20380017,1201_MS,0,203800170002,1201_MS_qfii单元,1,203800049,1201_MS#Q,自研fix_qfii_信用,2,1,4,
38,1203,MS,20380018,203800180001,2038,上海今通投资管理有限公司,20380018,1203_MS,0,203800180001,1203_MS_connect单元,1,203800050,1203_MS#C,自研fix_connect_信用,2,1,4,
39,1203,MS,20380018,203800180002,2038,上海今通投资管理有限公司,20380018,1203_MS,0,203800180002,1203_MS_qfii单元,1,203800051,1203_MS#Q,自研fix_qfii_信用,2,1,4,
40,1201,GS,20380019,203800190001,2038,上海今通投资管理有限公司,20380019,1201_GS,0,203800190001,1201_GS_connect单元,1,203800052,1201_GS#C,自研fix_connect信用,2,1,4,
41,1201,GS,20380019,203800190002,2038,上海今通投资管理有限公司,20380019,1201_GS,0,203800190002,1201_GS_qfii单元,1,203800053,1201_GS#Q,自研fix_qfii信用,2,1,4,
42,1203,GS,20380020,203800200001,2038,上海今通投资管理有限公司,20380020,1203_GS,0,203800200001,1203_GS_connect单元,1,203800054,1203_GS#C,自研fix_connect信用,2,1,4,
43,1203,GS,20380020,203800200002,2038,上海今通投资管理有限公司,20380020,1203_GS,0,203800200002,1203_GS_qfii单元,1,203800055,1203_GS#Q,自研fix_qfii信用,2,1,4,
44,1205,CICC,20380021,203800210001,2038,上海今通投资管理有限公司,20380021,1205_CICC,0,203800210001,1205_CICC_connect单元,1,203800056,1205_CICC#C,自研fix_connect_信用,2,1,4,
45,1205,CICC,20380021,203800210002,2038,上海今通投资管理有限公司,20380021,1205_CICC,0,203800210002,1205_CICC_qfii单元,1,203800057,1205_CICC#Q,自研fix_qfii_信用,2,1,4,
46,2201,CICC,20380022,203800220001,2038,上海今通投资管理有限公司,20380022,2201_CICC,0,203800220001,2201_CICC_connect,1,203800058,2201_CICC#C,自研fix_connect_信用,2,1,4,
47,2201,CICC,20380022,203800220002,2038,上海今通投资管理有限公司,20380022,2201_CICC,0,203800220002,2201_CICC_qfii单元,1,203800059,2201_CICC#Q,自研fix_qfii_信用,2,1,4,
48,1201,CICC,20380023,203800230001,2038,上海今通投资管理有限公司,20380023,1201_CICC,0,203800230001,1201_CICC_connect单元,1,203800060,1201_CICC#C,自研fix_connect_信用,2,1,4,
49,1201,CICC,20380023,203800230002,2038,上海今通投资管理有限公司,20380023,1201_CICC,0,203800230002,1201_CICC_qfii单元,1,203800061,1201_CICC#Q,自研fix_qfii_信用,2,1,4,
50,1200,GS,20380024,203800240001,2038,上海今通投资管理有限公司,20380024,1200_GS,0,203800240001,1200_GS_connect单元,1,203800062,1200_GS#C,自研fix_connect_信用,2,1,4,
51,1200,GS,20380024,203800240002,2038,上海今通投资管理有限公司,20380024,1200_GS,0,203800240002,1200_GS_qfii单元,1,203800063,1200_GS#Q,自研fix_qfii_信用,2,1,4,
52,56,GUOTOU,20380025,203800250001,2038,上海今通投资管理有限公司,20380025,金牛旭日,0,203800250001,金牛旭日单元1,1,203800066,888807201213,国投ATX_信用,2,1,4,
53,57,GUOTOU,20380026,203800260001,2038,上海今通投资管理有限公司,20380026,赤兔红利,0,203800260001,赤兔红利单元1,1,203800067,101280067818,国投ATX_普通,1,1,4,
54,62,NESC,20380026,203800260002,2038,上海今通投资管理有限公司,20380026,赤兔红利,0,203800260002,赤兔红利单元2,1,203800086,40315549,东北ATX_普通,1,1,4,
55,100,赤兔红利,20380026,203800260003,2038,上海今通投资管理有限公司,20380026,赤兔红利,0,203800260003,赤兔红利单元3,1,203800101,823191,银河期货_3191,3,1,4,
56,64,赤兔红利,20380026,203800260004,2038,上海今通投资管理有限公司,20380026,赤兔红利,1,203800260004,赤兔红利单元4,1,203800124,888807201283,国投ATX_信用,2,1,4,0.0
57,52,guangfa,20380027,203800270001,2038,上海今通投资管理有限公司,20380027,汇富1号,0,203800270001,汇富1号单元1,1,203800068,4168,广发投易通_普通,1,1,4,
58,100,汇富1号,20380027,203800270002,2038,上海今通投资管理有限公司,20380027,汇富1号,0,203800270002,汇富1号单元2,1,203800104,25110026,中泰期货_0026,3,1,4,
59,59,CICCWM,20380028,203800280001,2038,上海今通投资管理有限公司,20380028,致远千里马1000,0,203800280001,致远千里马1000单元1,1,203800069,8007005777,中金财富ATX_普通,1,1,4,
60,100,致远千里马1000,20380028,203800280002,2038,上海今通投资管理有限公司,20380028,致远千里马1000,0,203800280002,致远千里马1000单元2,1,203800103,1600636,国联期货_0636,3,1,4,
61,44,HTSEC,20380029,203800290001,2038,上海今通投资管理有限公司,20380029,海澜1000,0,203800290001,海澜1000A,1,203800070,2480070865,海通ATX_普通,1,1,4,
62,58,HTSEC,20380029,203800290002,2038,上海今通投资管理有限公司,20380029,海澜1000,0,203800290002,海澜1000B,1,203800071,2480072141,海通ATX_普通1,1,1,4,
63,60,NESC,20380030,203800300001,2038,上海今通投资管理有限公司,20380030,龙选核心A500,0,203800300001,龙选核心A500单元1,1,203800072,28100848,东北ATX_普通,1,1,4,
64,-60,银河期货,20380030,203800300002,2038,上海今通投资管理有限公司,20380030,龙选核心A500,0,203800300002,龙选核心A500单元2,1,203800100,823187,银河期货_3187,3,1,4,
65,63,NESC,20380030,203800300003,2038,上海今通投资管理有限公司,20380030,龙选核心A500,0,203800300003,龙选核心A500单元3,1,203800118,30263273,东北ATX_普通1,1,1,4,
66,61,NESC,20380031,203800310001,2038,上海今通投资管理有限公司,20380031,新锐千里马1000,0,203800310001,新锐千里马1000单元1,1,203800073,40315548,东北ATX_普通,1,1,4,
67,-61,国贸期货,20380031,203800310002,2038,上海今通投资管理有限公司,20380031,新锐千里马1000,0,203800310002,新锐千里马1000单元2,1,203800102,10000636,国贸期货_0636,3,1,4,
68,1300,GS,20380032,203800320001,2038,上海今通投资管理有限公司,20380032,1300_GS,0,203800320001,1300_GS_connect单元,1,203800074,1300_GS#C,自研fix_connect信用,2,1,4,
69,1300,GS,20380032,203800320002,2038,上海今通投资管理有限公司,20380032,1300_GS,0,203800320002,1300_GS_qfii单元,1,203800076,1300_GS#Q,自研fix_qfii信用,2,1,4,
70,1301,GS,20380033,203800330001,2038,上海今通投资管理有限公司,20380033,1301_GS,0,203800330001,1301_GS_connect单元,1,203800075,1301_GS#C,自研fix_connect信用,2,1,4,
71,1301,GS,20380033,203800330002,2038,上海今通投资管理有限公司,20380033,1301_GS,0,203800330002,1301_GS_qfii单元,1,203800077,1301_GS#Q,自研fix_qfii信用,2,1,4,
72,1302,GS,20380034,203800340001,2038,上海今通投资管理有限公司,20380034,1302_GS,0,203800340001,1302_GS_connect单元,1,203800078,1302_GS#C,自研fix_connect信用,2,1,4,
73,1302,GS,20380034,203800340002,2038,上海今通投资管理有限公司,20380034,1302_GS,0,203800340002,1302_GS_qfii单元,1,203800079,1302_GS#Q,自研fix_qfii信用,2,1,4,
74,1303,GS,20380035,203800350001,2038,上海今通投资管理有限公司,20380035,1303_GS,0,203800350001,1303_GS_connect单元,1,203800080,1303_GS#C,自研fix_connect信用,2,1,4,
75,1303,GS,20380035,203800350002,2038,上海今通投资管理有限公司,20380035,1303_GS,0,203800350002,1303_GS_qfii单元,1,203800081,1303_GS#Q,自研fix_qfii信用,2,1,4,
76,1304,GS,20380036,203800360001,2038,上海今通投资管理有限公司,20380036,1304_GS,0,203800360001,1304_GS_connect单元,1,203800082,1304_GS#C,自研fix_connect信用,2,1,4,
77,1304,GS,20380036,203800360002,2038,上海今通投资管理有限公司,20380036,1304_GS,0,203800360002,1304_GS_qfii单元,1,203800083,1304_GS#Q,自研fix_qfii信用,2,1,4,
78,1305,GS,20380037,203800370001,2038,上海今通投资管理有限公司,20380037,1305_GS,0,203800370001,1305_GS_connect单元,1,203800084,1305_GS#C,自研fix_connect信用,2,1,4,
79,1305,GS,20380037,203800370002,2038,上海今通投资管理有限公司,20380037,1305_GS,0,203800370002,1305_GS_qfii单元,1,203800085,1305_GS#Q,自研fix_qfii信用,2,1,4,
80,1205,MS,20380038,203800380001,2038,上海今通投资管理有限公司,20380038,1205_MS,0,203800380001,1205_MS_connect单元,1,203800090,1205_MS#C,自研fix_connect_信用,2,1,4,
81,1205,MS,20380038,203800380002,2038,上海今通投资管理有限公司,20380038,1205_MS,0,203800380002,1205_MS_qfii单元,1,203800091,1205_MS#Q,自研fix_qfii_信用,2,1,4,
82,1200,MS,20380039,203800390001,2038,上海今通投资管理有限公司,20380039,1200_MS,0,203800390001,1200_MS_connect单元,1,203800092,1200_MS#C,自研fix_connect_信用,2,1,4,
83,1200,MS,20380039,203800390002,2038,上海今通投资管理有限公司,20380039,1200_MS,0,203800390002,1200_MS_qfii单元,1,203800093,1200_MS#Q,自研fix_qfii_信用,2,1,4,
84,1205,GS,20380040,203800400001,2038,上海今通投资管理有限公司,20380040,1205_GS,0,203800400001,1205_GS_connect单元,1,203800094,1205_GS#C,自研fix_connect_信用,2,1,4,
85,1205,GS,20380040,203800400002,2038,上海今通投资管理有限公司,20380040,1205_GS,0,203800400002,1205_GS_qfii单元,1,203800095,1205_GS#Q,自研fix_qfii_信用,2,1,4,
86,1204,MS,20380041,203800410001,2038,上海今通投资管理有限公司,20380041,1204_MS,0,203800410001,1204_MS_connect单元,1,203800096,1204_MS#C,自研fix_connect_信用,2,1,4,
87,1204,MS,20380041,203800410002,2038,上海今通投资管理有限公司,20380041,1204_MS,0,203800410002,1204_MS_qfii单元,1,203800097,1204_MS#Q,自研fix_qfii_信用,2,1,4,
88,1204,GS,20380042,203800420001,2038,上海今通投资管理有限公司,20380042,1204_GS,0,203800420001,1204_GS_connect单元,1,203800098,1204_GS#C,自研fix_connect信用,2,1,4,
89,1204,GS,20380042,203800420002,2038,上海今通投资管理有限公司,20380042,1204_GS,0,203800420002,1204_GS_qfii单元,1,203800099,1204_GS#Q,自研fix_qfii_信用,2,1,4,
90,100,金灵3号,20380043,203800430001,2038,上海今通投资管理有限公司,20380043,金灵3号,0,203800430001,金灵3号单元1,1,203800105,823188,银河期货_3188,3,1,4,
91,1207,GS,20380044,203800440001,2038,上海今通投资管理有限公司,20380044,1207_GS,0,203800440001,1207_GS_connect单元,1,203800106,1207_GS#C,自研fix_connect信用,2,1,4,
92,1207,GS,20380044,203800440002,2038,上海今通投资管理有限公司,20380044,1207_GS,0,203800440002,1207_GS_qfii单元,1,203800107,1207_GS#Q,自研fix_qfii信用,2,1,4,
93,1208,GS,20380045,203800450001,2038,上海今通投资管理有限公司,20380045,1208_GS,0,203800450001,1208_GS_connect单元,1,203800108,1208_GS#C,自研fix_connect信用,2,1,4,
94,1208,GS,20380045,203800450002,2038,上海今通投资管理有限公司,20380045,1208_GS,0,203800450002,1208_GS_qfii单元,1,203800109,1208_GS#Q,自研fix_qfii信用,2,1,4,
95,1307,GS,20380046,203800460001,2038,上海今通投资管理有限公司,20380046,1307_GS,0,203800460001,1307_GS_connect单元,1,203800110,1307_GS#C,自研fix_connect信用,2,1,4,
96,1307,GS,20380046,203800460002,2038,上海今通投资管理有限公司,20380046,1307_GS,0,203800460002,1307_GS_qfii单元,1,203800111,1307_GS#Q,自研fix_qfii信用,2,1,4,
97,1308,GS,20380047,203800470001,2038,上海今通投资管理有限公司,20380047,1308_GS,0,203800470001,1308_GS_connect单元,1,203800112,1308_GS#C,自研fix_connect信用,2,1,4,
98,1308,GS,20380047,203800470002,2038,上海今通投资管理有限公司,20380047,1308_GS,0,203800470002,1308_GS_qfii单元,1,203800113,1308_GS#Q,自研fix_qfii信用,2,1,4,
99,1207,MS,20380048,203800480001,2038,上海今通投资管理有限公司,20380048,1207_MS,0,203800480001,1207_MS_connect单元,1,203800114,1207_MS#C,自研fix_connect_信用,2,1,4,
100,1207,MS,20380048,203800480002,2038,上海今通投资管理有限公司,20380048,1207_MS,0,203800480002,1207_MS_qfii单元,1,203800115,1207_MS#Q,自研fix_qfii_信用,2,1,4,
101,1208,MS,20380049,203800490001,2038,上海今通投资管理有限公司,20380049,1208_MS,0,203800490001,1208_MS_connect单元,1,203800116,1208_MS#C,自研fix_connect_信用,2,1,4,
102,1208,MS,20380049,203800490002,2038,上海今通投资管理有限公司,20380049,1208_MS,0,203800490002,1208_MS_qfii单元,1,203800117,1208_MS#Q,自研fix_qfii_信用,2,1,4,
103,1303,MS,20380050,203800500001,2038,上海今通投资管理有限公司,20380050,1303_MS,1,203800500001,1303_MS_connect单元,1,203800119,1303_MS#C,自研fix_connect_信用,2,1,4,1.0
104,1303,MS,20380050,203800500002,2038,上海今通投资管理有限公司,20380050,1303_MS,1,203800500002,1303_MS_qfii单元,1,203800120,1303_MS#Q,自研fix_qfii_信用,2,1,4,1.0
105,1305,MS,20380051,203800510001,2038,上海今通投资管理有限公司,20380051,1305_MS,1,203800510001,1305_MS_connect单元,1,203800121,1305_MS#C,自研fix_connect_信用,2,1,4,1.0
106,1305,MS,20380051,203800510002,2038,上海今通投资管理有限公司,20380051,1305_MS,1,203800510002,1305_MS_qfii单元,1,203800122,1305_MS#Q,自研fix_qfii_信用,2,1,4,1.0
